name,mobilenumber,email,age,gender,website,tags
asdssd,9879879870,er.srishty1@gmail.com,10,Female,hgsadfs.com,5
asdssd,9879879871,er.srishty1@gmail.com,10,Female,hgsadfs.com,5
asdssd,9879879872,er.srishty1@gmail.com,10,Female,hgsadfs.com,5
asdssd,9879879873,er.srishty1@gmail.com,10,Female,hgsadfs.com,5
asdssd,9879879874,er.srishty1@gmail.com,10,Female,hgsadfs.com,5
asdssd,9879879875,er.srishty1@gmail.com,10,Female,hgsadfs.com,5
asdssd,9879879876,er.srishty1@gmail.com,10,Female,hgsadfs.com,5
asdssd,9879879877,er.srishty1@gmail.com,10,Female,hgsadfs.com,5
asdssd,9879879878,er.srishty1@gmail.com,10,Female,hgsadfs.com,5
asdssd,9879879879,er.srishty1@gmail.com,10,Female,hgsadfs.com,5
asdssd,9879879880,er.srishty1@gmail.com,10,Female,hgsadfs.com,5
